timestamp,run_id,task_id,branch_name,git_commit_hash,sample_id,dataset_name,dataset_split,sub_dataset,task_suite,source_split,eval_split,episode_index,version_dir,dataset_dir,fixed_step_policy,fixed_step_index,episode_num_steps,instruction,image_field,language_field,gt_action_json,gt_action_dimension,model_id,unnorm_key,unnorm_key_status,action_values_official,pipeline_debug_only,device,dtype,python_version,platform,torch_version,transformers_version,tensorflow_datasets_version,cuda_available,cuda_version,gpu_name,gpu_total_vram_gb,warmup_runs,measured_runs,processor_load_time_s,model_load_time_s,vram_before_loading_gb,vram_after_loading_gb,vram_before_inference_gb,vram_after_inference_gb,peak_vram_allocated_gb,peak_vram_reserved_gb,step_load_time_ms,preprocess_time_ms,avg_latency_ms,median_latency_ms,min_latency_ms,max_latency_ms,std_latency_ms,postprocess_time_ms,end_to_end_ms,throughput_samples_per_sec,raw_model_output,parsed_action_json,action_dimension,action_parse_success,action_range_valid,action_range_error,failure_reason,inference_error_type,inference_oom,training_time_hours,total_training_steps,task_success_rate,sim_environment,notes
2026-06-11 08:19:05,df_03_02_libero_baseline_50_pipeline_debug,DF-03-02,DF-03-02,16fd738,df_03_02_baseline_001,openvla/modified_libero_rlds,test,libero_10_no_noops,libero_10,train,test,87,/root/autodl-tmp/datasets/openvla_modified_libero_rlds/libero_10_no_noops/1.0.0,/root/autodl-tmp/datasets/openvla_modified_libero_rlds/libero_10_no_noops/1.0.0,middle,131,263,turn on the stove and put the moka pot on it,observation.image,language_instruction,"[0.7741071581840515, -0.21696428954601288, 0.2142857164144516, 0.03857142850756645, 0.003214285708963871, 0.07071428745985031, -1.0]",7,openvla/openvla-7b,bridge_orig,unconfirmed_for_libero,False,True,cuda:0,bfloat16,"3.10.20 (main, Mar 11 2026, 17:46:40) [GCC 14.3.0]",Linux-5.15.0-78-generic-x86_64-with-glibc2.35,2.11.0+cu128,4.40.1,4.9.4,True,12.8,NVIDIA RTX PRO 6000 Blackwell Server Edition,94.9708,1,5,72.7439,45.3224,0.0,14.0905,14.1,14.1,14.4148,14.4863,4505.4562,5.9597,127.069,126.8439,126.6799,127.5754,0.4216,0.23,133.2587,7.504198,"array([-0.00826106, -0.00269044,  0.00105788, -0.00780201, -0.0101587 ,
        0.02411026,  0.99607843])","[-0.008261060006478266, -0.002690441256060362, 0.0010578825741129685, -0.0078020115541478086, -0.010158703746164566, 0.024110259765503378, 0.996078431372549]",7,True,True,,,,False,not_applicable,not_applicable,not_applicable,not_applicable,DF-03-02 50-sample run is pipeline and field-recording validation only; not final method-comparison data.
2026-06-11 08:19:05,df_03_02_libero_baseline_50_pipeline_debug,DF-03-02,DF-03-02,16fd738,df_03_02_baseline_002,openvla/modified_libero_rlds,test,libero_10_no_noops,libero_10,train,test,93,/root/autodl-tmp/datasets/openvla_modified_libero_rlds/libero_10_no_noops/1.0.0,/root/autodl-tmp/datasets/openvla_modified_libero_rlds/libero_10_no_noops/1.0.0,middle,117,235,turn on the stove and put the moka pot on it,observation.image,language_instruction,"[0.8330357074737549, -0.3241071403026581, 0.6214285492897034, 0.0, 0.0, -0.0, -1.0]",7,openvla/openvla-7b,bridge_orig,unconfirmed_for_libero,False,True,cuda:0,bfloat16,"3.10.20 (main, Mar 11 2026, 17:46:40) [GCC 14.3.0]",Linux-5.15.0-78-generic-x86_64-with-glibc2.35,2.11.0+cu128,4.40.1,4.9.4,True,12.8,NVIDIA RTX PRO 6000 Blackwell Server Edition,94.9708,1,5,72.7439,45.3224,0.0,14.0905,14.1,14.1,14.4148,14.4863,1364.6617,3.6613,127.9594,127.8543,127.7785,128.1865,0.1948,0.3095,131.9302,7.579766,"array([-0.00669534,  0.00281348,  0.01015177, -0.03462297, -0.05637937,
       -0.02424368,  0.99607843])","[-0.006695340317838347, 0.002813475692973362, 0.010151767237659755, -0.034622969165736636, -0.05637936853836565, -0.02424368244643313, 0.996078431372549]",7,True,True,,,,False,not_applicable,not_applicable,not_applicable,not_applicable,DF-03-02 50-sample run is pipeline and field-recording validation only; not final method-comparison data.
2026-06-11 08:19:05,df_03_02_libero_baseline_50_pipeline_debug,DF-03-02,DF-03-02,16fd738,df_03_02_baseline_003,openvla/modified_libero_rlds,test,libero_10_no_noops,libero_10,train,test,130,/root/autodl-tmp/datasets/openvla_modified_libero_rlds/libero_10_no_noops/1.0.0,/root/autodl-tmp/datasets/openvla_modified_libero_rlds/libero_10_no_noops/1.0.0,middle,114,228,put the white mug on the plate and put the chocolate pudding to the right of the plate,observation.image,language_instruction,"[0.08571428805589676, -0.01607142947614193, -0.26249998807907104, 0.0535714291036129, 0.0010714285308495164, -0.05999999865889549, 1.0]",7,openvla/openvla-7b,bridge_orig,unconfirmed_for_libero,False,True,cuda:0,bfloat16,"3.10.20 (main, Mar 11 2026, 17:46:40) [GCC 14.3.0]",Linux-5.15.0-78-generic-x86_64-with-glibc2.35,2.11.0+cu128,4.40.1,4.9.4,True,12.8,NVIDIA RTX PRO 6000 Blackwell Server Edition,94.9708,1,5,72.7439,45.3224,0.0,14.0905,14.1,14.1,14.4252,14.5059,2087.9487,4.1029,127.5052,127.482,125.5941,129.542,1.638,0.217,131.8251,7.585806,"array([-0.00110348, -0.01013692, -0.00569757, -0.00524763, -0.00814911,
        0.00154509,  0.        ])","[-0.0011034842869814855, -0.01013691712828247, -0.005697574604521784, -0.005247634638758394, -0.00814910962476452, 0.0015450867332663376, 0.0]",7,True,True,,,,False,not_applicable,not_applicable,not_applicable,not_applicable,DF-03-02 50-sample run is pipeline and field-recording validation only; not final method-comparison data.
2026-06-11 08:19:05,df_03_02_libero_baseline_50_pipeline_debug,DF-03-02,DF-03-02,16fd738,df_03_02_baseline_004,openvla/modified_libero_rlds,test,libero_10_no_noops,libero_10,train,test,219,/root/autodl-tmp/datasets/openvla_modified_libero_rlds/libero_10_no_noops/1.0.0,/root/autodl-tmp/datasets/openvla_modified_libero_rlds/libero_10_no_noops/1.0.0,middle,133,267,put both the alphabet soup and the tomato sauce in the basket,observation.image,language_instruction,"[-0.2946428656578064, 0.0, -0.4982142746448517, 0.009642857126891613, 0.0, -0.027857143431901932, 1.0]",7,openvla/openvla-7b,bridge_orig,unconfirmed_for_libero,False,True,cuda:0,bfloat16,"3.10.20 (main, Mar 11 2026, 17:46:40) [GCC 14.3.0]",Linux-5.15.0-78-generic-x86_64-with-glibc2.35,2.11.0+cu128,4.40.1,4.9.4,True,12.8,NVIDIA RTX PRO 6000 Blackwell Server Edition,94.9708,1,5,72.7439,45.3224,0.0,14.0905,14.1,14.1,14.4157,14.5059,859.8043,3.8888,129.8639,130.3939,127.7525,132.3649,1.8409,0.1945,133.9471,7.465634,"array([-0.00043246,  0.0018422 , -0.0018002 ,  0.01199441, -0.01082857,
       -0.02263188,  0.        ])","[-0.00043246156327866186, 0.001842196231379177, -0.0018001954630017317, 0.011994409540120127, -0.010828568453297924, -0.022631884372701916, 0.0]",7,True,True,,,,False,not_applicable,not_applicable,not_applicable,not_applicable,DF-03-02 50-sample run is pipeline and field-recording validation only; not final method-comparison data.
2026-06-11 08:19:05,df_03_02_libero_baseline_50_pipeline_debug,DF-03-02,DF-03-02,16fd738,df_03_02_baseline_005,openvla/modified_libero_rlds,test,libero_10_no_noops,libero_10,train,test,221,/root/autodl-tmp/datasets/openvla_modified_libero_rlds/libero_10_no_noops/1.0.0,/root/autodl-tmp/datasets/openvla_modified_libero_rlds/libero_10_no_noops/1.0.0,middle,137,274,put both the alphabet soup and the cream cheese box in the basket,observation.image,language_instruction,"[-0.0803571417927742, -0.5973214507102966, 0.2008928507566452, 0.027857143431901932, 0.0, 0.14571428298950195, -1.0]",7,openvla/openvla-7b,bridge_orig,unconfirmed_for_libero,False,True,cuda:0,bfloat16,"3.10.20 (main, Mar 11 2026, 17:46:40) [GCC 14.3.0]",Linux-5.15.0-78-generic-x86_64-with-glibc2.35,2.11.0+cu128,4.40.1,4.9.4,True,12.8,NVIDIA RTX PRO 6000 Blackwell Server Edition,94.9708,1,5,72.7439,45.3224,0.0,14.0905,14.1,14.1,14.4167,14.5059,668.1601,3.7635,128.601,127.9497,127.3693,130.7922,1.4237,0.1901,132.5546,7.544063,"array([ 0.00158061,  0.00637483,  0.00651421, -0.00460904, -0.00948884,
        0.01927487,  0.99607843])","[0.0015806066078298056, 0.006374833718818716, 0.006514213372241045, -0.004609040409911044, -0.009488839039031222, 0.01927486554430974, 0.996078431372549]",7,True,True,,,,False,not_applicable,not_applicable,not_applicable,not_applicable,DF-03-02 50-sample run is pipeline and field-recording validation only; not final method-comparison data.
2026-06-11 08:19:05,df_03_02_libero_baseline_50_pipeline_debug,DF-03-02,DF-03-02,16fd738,df_03_02_baseline_006,openvla/modified_libero_rlds,test,libero_10_no_noops,libero_10,train,test,225,/root/autodl-tmp/datasets/openvla_modified_libero_rlds/libero_10_no_noops/1.0.0,/root/autodl-tmp/datasets/openvla_modified_libero_rlds/libero_10_no_noops/1.0.0,middle,128,257,turn on the stove and put the moka pot on it,observation.image,language_instruction,"[0.3214285671710968, -0.6348214149475098, 0.3321428596973419, 0.09642857313156128, -0.05249999836087227, 0.08250000327825546, -1.0]",7,openvla/openvla-7b,bridge_orig,unconfirmed_for_libero,False,True,cuda:0,bfloat16,"3.10.20 (main, Mar 11 2026, 17:46:40) [GCC 14.3.0]",Linux-5.15.0-78-generic-x86_64-with-glibc2.35,2.11.0+cu128,4.40.1,4.9.4,True,12.8,NVIDIA RTX PRO 6000 Blackwell Server Edition,94.9708,1,5,72.7439,45.3224,0.0,14.0905,14.1,14.1,14.4148,14.5059,1120.9199,3.7601,129.4443,128.9794,128.3887,130.7608,1.1221,0.2282,133.4326,7.494421,"array([ 9.09583884e-04,  6.69859354e-03,  4.95526172e-03,  2.34891057e-02,
        5.74976317e-02, -2.74672786e-02,  9.96078431e-01])","[0.0009095838841269785, 0.006698593539350123, 0.004955261715633021, 0.023489105659372483, 0.057497631674303676, -0.027467278593895555, 0.996078431372549]",7,True,True,,,,False,not_applicable,not_applicable,not_applicable,not_applicable,DF-03-02 50-sample run is pipeline and field-recording validation only; not final method-comparison data.
2026-06-11 08:19:05,df_03_02_libero_baseline_50_pipeline_debug,DF-03-02,DF-03-02,16fd738,df_03_02_baseline_007,openvla/modified_libero_rlds,test,libero_10_no_noops,libero_10,train,test,227,/root/autodl-tmp/datasets/openvla_modified_libero_rlds/libero_10_no_noops/1.0.0,/root/autodl-tmp/datasets/openvla_modified_libero_rlds/libero_10_no_noops/1.0.0,middle,83,167,pick up the book and place it in the back compartment of the caddy,observation.image,language_instruction,"[-0.0026785715017467737, -0.4258928596973419, 0.6910714507102966, 0.010714286006987095, 0.0, -0.10571428388357162, 1.0]",7,openvla/openvla-7b,bridge_orig,unconfirmed_for_libero,False,True,cuda:0,bfloat16,"3.10.20 (main, Mar 11 2026, 17:46:40) [GCC 14.3.0]",Linux-5.15.0-78-generic-x86_64-with-glibc2.35,2.11.0+cu128,4.40.1,4.9.4,True,12.8,NVIDIA RTX PRO 6000 Blackwell Server Edition,94.9708,1,5,72.7439,45.3224,0.0,14.0905,14.1,14.1,14.4187,14.5059,1182.2152,3.9468,130.1633,130.0834,129.4668,131.4551,0.7732,0.1993,134.3094,7.445494,"array([ 0.0250664 ,  0.003461  ,  0.0166474 , -0.05761236, -0.02824505,
       -0.04842065,  0.        ])","[0.025066401937428612, 0.0034609953340361613, 0.016647399140193166, -0.05761236140424134, -0.028245050838764996, -0.04842065355240138, 0.0]",7,True,True,,,,False,not_applicable,not_applicable,not_applicable,not_applicable,DF-03-02 50-sample run is pipeline and field-recording validation only; not final method-comparison data.
2026-06-11 08:19:05,df_03_02_libero_baseline_50_pipeline_debug,DF-03-02,DF-03-02,16fd738,df_03_02_baseline_008,openvla/modified_libero_rlds,test,libero_10_no_noops,libero_10,train,test,247,/root/autodl-tmp/datasets/openvla_modified_libero_rlds/libero_10_no_noops/1.0.0,/root/autodl-tmp/datasets/openvla_modified_libero_rlds/libero_10_no_noops/1.0.0,middle,125,250,put the white mug on the left plate and put the yellow and white mug on the right plate,observation.image,language_instruction,"[0.013392857275903225, 0.4580357074737549, 0.4982142746448517, -0.03642857074737549, -0.011785713955760002, -0.07392857223749161, -1.0]",7,openvla/openvla-7b,bridge_orig,unconfirmed_for_libero,False,True,cuda:0,bfloat16,"3.10.20 (main, Mar 11 2026, 17:46:40) [GCC 14.3.0]",Linux-5.15.0-78-generic-x86_64-with-glibc2.35,2.11.0+cu128,4.40.1,4.9.4,True,12.8,NVIDIA RTX PRO 6000 Blackwell Server Edition,94.9708,1,5,72.7439,45.3224,0.0,14.0905,14.1,14.1,14.4234,14.5059,815.4329,4.3225,127.371,127.7234,125.3068,128.7707,1.2793,0.197,131.8904,7.582052,"array([ 0.0181325 ,  0.00248972,  0.00313648, -0.02312827, -0.0443218 ,
       -0.0081257 ,  0.99607843])","[0.018132500459166107, 0.0024897158724419693, 0.003136484782923662, -0.023128273046484286, -0.04432180380996537, -0.008125701709120942, 0.996078431372549]",7,True,True,,,,False,not_applicable,not_applicable,not_applicable,not_applicable,DF-03-02 50-sample run is pipeline and field-recording validation only; not final method-comparison data.
2026-06-11 08:19:05,df_03_02_libero_baseline_50_pipeline_debug,DF-03-02,DF-03-02,16fd738,df_03_02_baseline_009,openvla/modified_libero_rlds,test,libero_10_no_noops,libero_10,train,test,307,/root/autodl-tmp/datasets/openvla_modified_libero_rlds/libero_10_no_noops/1.0.0,/root/autodl-tmp/datasets/openvla_modified_libero_rlds/libero_10_no_noops/1.0.0,middle,165,330,put the white mug on the left plate and put the yellow and white mug on the right plate,observation.image,language_instruction,"[0.04285714402794838, 0.7928571701049805, -0.0, 0.0, -0.034285712987184525, -0.0053571430034935474, -1.0]",7,openvla/openvla-7b,bridge_orig,unconfirmed_for_libero,False,True,cuda:0,bfloat16,"3.10.20 (main, Mar 11 2026, 17:46:40) [GCC 14.3.0]",Linux-5.15.0-78-generic-x86_64-with-glibc2.35,2.11.0+cu128,4.40.1,4.9.4,True,12.8,NVIDIA RTX PRO 6000 Blackwell Server Edition,94.9708,1,5,72.7439,45.3224,0.0,14.0905,14.1,14.1,14.4234,14.5059,971.8773,4.4189,125.1444,124.5957,124.2624,127.6072,1.3886,0.1938,129.7571,7.706707,"array([-0.02347091, -0.0030142 ,  0.01067142,  0.01646457, -0.03963275,
        0.04989903,  0.99607843])","[-0.02347090841040892, -0.003014201076591762, 0.010671417789862431, 0.016464569142051605, -0.03963275086003193, 0.049899028945202845, 0.996078431372549]",7,True,True,,,,False,not_applicable,not_applicable,not_applicable,not_applicable,DF-03-02 50-sample run is pipeline and field-recording validation only; not final method-comparison data.
2026-06-11 08:19:05,df_03_02_libero_baseline_50_pipeline_debug,DF-03-02,DF-03-02,16fd738,df_03_02_baseline_010,openvla/modified_libero_rlds,test,libero_10_no_noops,libero_10,train,test,317,/root/autodl-tmp/datasets/openvla_modified_libero_rlds/libero_10_no_noops/1.0.0,/root/autodl-tmp/datasets/openvla_modified_libero_rlds/libero_10_no_noops/1.0.0,middle,150,300,put both the alphabet soup and the tomato sauce in the basket,observation.image,language_instruction,"[-0.06428571790456772, 0.12589286267757416, -0.06964285671710968, 0.0, -0.0053571430034935474, -0.0, -1.0]",7,openvla/openvla-7b,bridge_orig,unconfirmed_for_libero,False,True,cuda:0,bfloat16,"3.10.20 (main, Mar 11 2026, 17:46:40) [GCC 14.3.0]",Linux-5.15.0-78-generic-x86_64-with-glibc2.35,2.11.0+cu128,4.40.1,4.9.4,True,12.8,NVIDIA RTX PRO 6000 Blackwell Server Edition,94.9708,1,5,72.7439,45.3224,0.0,14.0905,14.1,14.1,14.4157,14.5059,912.929,3.7871,127.7761,127.5673,126.4095,129.557,1.1345,0.1889,131.7521,7.590013,"array([-0.00199818, -0.00171916,  0.0156081 , -0.00269326, -0.02556559,
        0.00960408,  0.        ])","[-0.001998181251918585, -0.0017191617944661772, 0.015608098035787821, -0.002693257723368994, -0.025565592010231605, 0.009604077101922431, 0.0]",7,True,True,,,,False,not_applicable,not_applicable,not_applicable,not_applicable,DF-03-02 50-sample run is pipeline and field-recording validation only; not final method-comparison data.
2026-06-11 08:19:05,df_03_02_libero_baseline_50_pipeline_debug,DF-03-02,DF-03-02,16fd738,df_03_02_baseline_011,openvla/modified_libero_rlds,test,libero_10_no_noops,libero_10,train,test,346,/root/autodl-tmp/datasets/openvla_modified_libero_rlds/libero_10_no_noops/1.0.0,/root/autodl-tmp/datasets/openvla_modified_libero_rlds/libero_10_no_noops/1.0.0,middle,137,275,put the white mug on the left plate and put the yellow and white mug on the right plate,observation.image,language_instruction,"[-0.02142857201397419, 0.7419642806053162, 0.13928571343421936, -0.020357143133878708, 0.0, -0.02250000089406967, -1.0]",7,openvla/openvla-7b,bridge_orig,unconfirmed_for_libero,False,True,cuda:0,bfloat16,"3.10.20 (main, Mar 11 2026, 17:46:40) [GCC 14.3.0]",Linux-5.15.0-78-generic-x86_64-with-glibc2.35,2.11.0+cu128,4.40.1,4.9.4,True,12.8,NVIDIA RTX PRO 6000 Blackwell Server Edition,94.9708,1,5,72.7439,45.3224,0.0,14.0905,14.1,14.1,14.4234,14.5059,760.1758,4.4423,126.8363,126.1365,125.7948,129.155,1.4275,0.1967,131.4753,7.605989,"array([ 2.38561160e-04, -2.36668144e-03,  6.51421337e-03, -3.39843749e-02,
        1.52961551e-02,  1.76630675e-02,  9.96078431e-01])","[0.00023856116042415831, -0.0023666814355289695, 0.006514213372241045, -0.03398437493688928, 0.015296155124902691, 0.017663067470578525, 0.996078431372549]",7,True,True,,,,False,not_applicable,not_applicable,not_applicable,not_applicable,DF-03-02 50-sample run is pipeline and field-recording validation only; not final method-comparison data.
2026-06-11 08:19:05,df_03_02_libero_baseline_50_pipeline_debug,DF-03-02,DF-03-02,16fd738,df_03_02_baseline_012,openvla/modified_libero_rlds,test,libero_goal_no_noops,goal,train,test,38,/root/autodl-tmp/datasets/openvla_modified_libero_rlds/libero_goal_no_noops/1.0.0,/root/autodl-tmp/datasets/openvla_modified_libero_rlds/libero_goal_no_noops/1.0.0,middle,46,93,put the wine bottle on top of the cabinet,observation.image,language_instruction,"[0.6696428656578064, -0.06964285671710968, 0.9375, 0.0, 0.08250000327825546, -0.0, 1.0]",7,openvla/openvla-7b,bridge_orig,unconfirmed_for_libero,False,True,cuda:0,bfloat16,"3.10.20 (main, Mar 11 2026, 17:46:40) [GCC 14.3.0]",Linux-5.15.0-78-generic-x86_64-with-glibc2.35,2.11.0+cu128,4.40.1,4.9.4,True,12.8,NVIDIA RTX PRO 6000 Blackwell Server Edition,94.9708,1,5,72.7439,45.3224,0.0,14.0905,14.1,14.1,14.4141,14.5059,361.0617,3.9631,128.6884,128.6848,127.9257,129.3286,0.6074,0.1961,132.8476,7.52742,"array([-2.08787322e-04, -2.69044126e-03,  1.31770785e-03, -5.50579845e-02,
       -1.45046255e-03, -8.87156054e-02,  9.96078431e-01])","[-0.00020878732204438963, -0.002690441256060362, 0.0013177078502143065, -0.05505798448885193, -0.0014504625534310367, -0.08871560539568177, 0.996078431372549]",7,True,True,,,,False,not_applicable,not_applicable,not_applicable,not_applicable,DF-03-02 50-sample run is pipeline and field-recording validation only; not final method-comparison data.
2026-06-11 08:19:05,df_03_02_libero_baseline_50_pipeline_debug,DF-03-02,DF-03-02,16fd738,df_03_02_baseline_013,openvla/modified_libero_rlds,test,libero_goal_no_noops,goal,train,test,40,/root/autodl-tmp/datasets/openvla_modified_libero_rlds/libero_goal_no_noops/1.0.0,/root/autodl-tmp/datasets/openvla_modified_libero_rlds/libero_goal_no_noops/1.0.0,middle,49,99,put the wine bottle on top of the cabinet,observation.image,language_instruction,"[0.2544642984867096, 0.09642857313156128, 0.2785714268684387, -0.03857142850756645, 0.0, -0.0, 1.0]",7,openvla/openvla-7b,bridge_orig,unconfirmed_for_libero,False,True,cuda:0,bfloat16,"3.10.20 (main, Mar 11 2026, 17:46:40) [GCC 14.3.0]",Linux-5.15.0-78-generic-x86_64-with-glibc2.35,2.11.0+cu128,4.40.1,4.9.4,True,12.8,NVIDIA RTX PRO 6000 Blackwell Server Edition,94.9708,1,5,72.7439,45.3224,0.0,14.0905,14.1,14.1,14.4141,14.5059,359.3101,3.6356,127.7986,127.4481,126.1041,129.1139,1.303,0.1941,131.6283,7.597149,"array([-2.08787322e-04, -1.00362692e-04,  2.87665951e-03,  2.85978595e-02,
        8.59750805e-03, -3.29030749e-03,  9.96078431e-01])","[-0.00020878732204438963, -0.00010036269180919988, 0.0028766595068223273, 0.028597859490151326, 0.008597508053569194, -0.003290307487927302, 0.996078431372549]",7,True,True,,,,False,not_applicable,not_applicable,not_applicable,not_applicable,DF-03-02 50-sample run is pipeline and field-recording validation only; not final method-comparison data.
2026-06-11 08:19:05,df_03_02_libero_baseline_50_pipeline_debug,DF-03-02,DF-03-02,16fd738,df_03_02_baseline_014,openvla/modified_libero_rlds,test,libero_goal_no_noops,goal,train,test,132,/root/autodl-tmp/datasets/openvla_modified_libero_rlds/libero_goal_no_noops/1.0.0,/root/autodl-tmp/datasets/openvla_modified_libero_rlds/libero_goal_no_noops/1.0.0,middle,45,90,put the bowl on the plate,observation.image,language_instruction,"[0.47410714626312256, 0.0, 0.8089285492897034, 0.0, 0.15535713732242584, -0.0535714291036129, 1.0]",7,openvla/openvla-7b,bridge_orig,unconfirmed_for_libero,False,True,cuda:0,bfloat16,"3.10.20 (main, Mar 11 2026, 17:46:40) [GCC 14.3.0]",Linux-5.15.0-78-generic-x86_64-with-glibc2.35,2.11.0+cu128,4.40.1,4.9.4,True,12.8,NVIDIA RTX PRO 6000 Blackwell Server Edition,94.9708,1,5,72.7439,45.3224,0.0,14.0905,14.1,14.1,14.4127,14.5059,393.255,3.5466,127.3742,127.4509,126.9948,127.6239,0.2473,0.1945,131.1153,7.626877,"array([-0.00132716, -0.00592804,  0.02262338, -0.01163358, -0.02958478,
       -0.04358526,  0.        ])","[-0.0013271585282157647, -0.005928039461374324, 0.022623380490523922, -0.011633576927231923, -0.029584780253031684, -0.04358525933120769, 0.0]",7,True,True,,,,False,not_applicable,not_applicable,not_applicable,not_applicable,DF-03-02 50-sample run is pipeline and field-recording validation only; not final method-comparison data.
2026-06-11 08:19:05,df_03_02_libero_baseline_50_pipeline_debug,DF-03-02,DF-03-02,16fd738,df_03_02_baseline_015,openvla/modified_libero_rlds,test,libero_goal_no_noops,goal,train,test,196,/root/autodl-tmp/datasets/openvla_modified_libero_rlds/libero_goal_no_noops/1.0.0,/root/autodl-tmp/datasets/openvla_modified_libero_rlds/libero_goal_no_noops/1.0.0,middle,38,77,turn on the stove,observation.image,language_instruction,"[-0.5598214268684387, 0.16607142984867096, -0.9375, 0.010714286006987095, 0.04714285582304001, 0.055714286863803864, -1.0]",7,openvla/openvla-7b,bridge_orig,unconfirmed_for_libero,False,True,cuda:0,bfloat16,"3.10.20 (main, Mar 11 2026, 17:46:40) [GCC 14.3.0]",Linux-5.15.0-78-generic-x86_64-with-glibc2.35,2.11.0+cu128,4.40.1,4.9.4,True,12.8,NVIDIA RTX PRO 6000 Blackwell Server Edition,94.9708,1,5,72.7439,45.3224,0.0,14.0905,14.1,14.1,14.4124,14.5059,410.6571,4.3055,127.3474,127.1868,126.7991,127.964,0.4696,0.1872,131.8401,7.584947,"array([-0.00624799, -0.01207948,  0.00365614, -0.04484048,  0.01462629,
       -0.0097375 ,  0.99607843])","[-0.006247991835369799, -0.012079476051470847, 0.0036561353351263343, -0.04484047682729428, 0.014626290417769333, -0.009737499782852183, 0.996078431372549]",7,True,True,,,,False,not_applicable,not_applicable,not_applicable,not_applicable,DF-03-02 50-sample run is pipeline and field-recording validation only; not final method-comparison data.
2026-06-11 08:19:05,df_03_02_libero_baseline_50_pipeline_debug,DF-03-02,DF-03-02,16fd738,df_03_02_baseline_016,openvla/modified_libero_rlds,test,libero_goal_no_noops,goal,train,test,216,/root/autodl-tmp/datasets/openvla_modified_libero_rlds/libero_goal_no_noops/1.0.0,/root/autodl-tmp/datasets/openvla_modified_libero_rlds/libero_goal_no_noops/1.0.0,middle,85,170,put the wine bottle on the rack,observation.image,language_instruction,"[0.05892857164144516, 0.1473214328289032, 0.6535714268684387, -0.05249999836087227, 0.06964285671710968, 0.03857142850756645, 1.0]",7,openvla/openvla-7b,bridge_orig,unconfirmed_for_libero,False,True,cuda:0,bfloat16,"3.10.20 (main, Mar 11 2026, 17:46:40) [GCC 14.3.0]",Linux-5.15.0-78-generic-x86_64-with-glibc2.35,2.11.0+cu128,4.40.1,4.9.4,True,12.8,NVIDIA RTX PRO 6000 Blackwell Server Edition,94.9708,1,5,72.7439,45.3224,0.0,14.0905,14.1,14.1,14.414,14.5059,382.4752,4.1452,127.0834,127.286,126.6713,127.4158,0.3556,0.1908,131.4195,7.60922,"array([ 0.00381735,  0.00151844,  0.00391596, -0.01929671, -0.04566153,
        0.06118162,  0.        ])","[0.0038173490201725453, 0.0015184364108477844, 0.003915960611227672, -0.01929670767340016, -0.04566153322423207, 0.061181615461321365, 0.0]",7,True,True,,,,False,not_applicable,not_applicable,not_applicable,not_applicable,DF-03-02 50-sample run is pipeline and field-recording validation only; not final method-comparison data.
2026-06-11 08:19:05,df_03_02_libero_baseline_50_pipeline_debug,DF-03-02,DF-03-02,16fd738,df_03_02_baseline_017,openvla/modified_libero_rlds,test,libero_goal_no_noops,goal,train,test,235,/root/autodl-tmp/datasets/openvla_modified_libero_rlds/libero_goal_no_noops/1.0.0,/root/autodl-tmp/datasets/openvla_modified_libero_rlds/libero_goal_no_noops/1.0.0,middle,88,176,open the top drawer and put the bowl inside,observation.image,language_instruction,"[-0.14464285969734192, -0.09642857313156128, -0.6294642686843872, 0.02250000089406967, -0.17678570747375488, -0.0, -1.0]",7,openvla/openvla-7b,bridge_orig,unconfirmed_for_libero,False,True,cuda:0,bfloat16,"3.10.20 (main, Mar 11 2026, 17:46:40) [GCC 14.3.0]",Linux-5.15.0-78-generic-x86_64-with-glibc2.35,2.11.0+cu128,4.40.1,4.9.4,True,12.8,NVIDIA RTX PRO 6000 Blackwell Server Edition,94.9708,1,5,72.7439,45.3224,0.0,14.0905,14.1,14.1,14.4143,14.5059,384.93,3.7485,127.1607,127.1314,125.9568,128.3047,0.952,0.1898,131.099,7.627823,"array([-2.08787322e-04, -4.63300018e-03,  3.13648478e-03, -7.16341733e-03,
       -1.61874861e-02,  3.15688481e-03,  9.96078431e-01])","[-0.00020878732204438963, -0.004633000179248746, 0.003136484782923662, -0.0071634173253004585, -0.01618748611036472, 0.003156884806997551, 0.996078431372549]",7,True,True,,,,False,not_applicable,not_applicable,not_applicable,not_applicable,DF-03-02 50-sample run is pipeline and field-recording validation only; not final method-comparison data.
2026-06-11 08:19:05,df_03_02_libero_baseline_50_pipeline_debug,DF-03-02,DF-03-02,16fd738,df_03_02_baseline_018,openvla/modified_libero_rlds,test,libero_goal_no_noops,goal,train,test,289,/root/autodl-tmp/datasets/openvla_modified_libero_rlds/libero_goal_no_noops/1.0.0,/root/autodl-tmp/datasets/openvla_modified_libero_rlds/libero_goal_no_noops/1.0.0,middle,53,107,put the wine bottle on top of the cabinet,observation.image,language_instruction,"[0.7151785492897034, -0.24642856419086456, 0.8812500238418579, 0.0, 0.11249999701976776, -0.006428571417927742, 1.0]",7,openvla/openvla-7b,bridge_orig,unconfirmed_for_libero,False,True,cuda:0,bfloat16,"3.10.20 (main, Mar 11 2026, 17:46:40) [GCC 14.3.0]",Linux-5.15.0-78-generic-x86_64-with-glibc2.35,2.11.0+cu128,4.40.1,4.9.4,True,12.8,NVIDIA RTX PRO 6000 Blackwell Server Edition,94.9708,1,5,72.7439,45.3224,0.0,14.0905,14.1,14.1,14.4141,14.5059,422.5256,4.2469,126.412,125.9625,124.6554,128.9739,1.8955,0.1957,130.8546,7.642071,"array([ 1.80428085e-03, -1.00362692e-04,  2.87665951e-03, -1.41879538e-02,
       -3.02546450e-02, -1.61846921e-02,  9.96078431e-01])","[0.0018042808490640778, -0.00010036269180919988, 0.0028766595068223273, -0.014187953842621337, -0.030254644960165042, -0.016184692077777035, 0.996078431372549]",7,True,True,,,,False,not_applicable,not_applicable,not_applicable,not_applicable,DF-03-02 50-sample run is pipeline and field-recording validation only; not final method-comparison data.
2026-06-11 08:19:05,df_03_02_libero_baseline_50_pipeline_debug,DF-03-02,DF-03-02,16fd738,df_03_02_baseline_019,openvla/modified_libero_rlds,test,libero_goal_no_noops,goal,train,test,293,/root/autodl-tmp/datasets/openvla_modified_libero_rlds/libero_goal_no_noops/1.0.0,/root/autodl-tmp/datasets/openvla_modified_libero_rlds/libero_goal_no_noops/1.0.0,middle,98,196,open the middle drawer of the cabinet,observation.image,language_instruction,"[0.0, -0.2839285731315613, -0.19553571939468384, 0.0, 0.0, -0.12107142806053162, -1.0]",7,openvla/openvla-7b,bridge_orig,unconfirmed_for_libero,False,True,cuda:0,bfloat16,"3.10.20 (main, Mar 11 2026, 17:46:40) [GCC 14.3.0]",Linux-5.15.0-78-generic-x86_64-with-glibc2.35,2.11.0+cu128,4.40.1,4.9.4,True,12.8,NVIDIA RTX PRO 6000 Blackwell Server Edition,94.9708,1,5,72.7439,45.3224,0.0,14.0905,14.1,14.1,14.4138,14.5059,445.4362,3.6868,127.1272,127.05,126.0382,128.1283,0.7653,0.1858,130.9998,7.6336,"array([-0.00468227,  0.00540355,  0.00911247,  0.02348911, -0.00948884,
        0.06601701,  0.99607843])","[-0.004682272146729876, 0.005403554257224531, 0.00911246613325441, 0.023489105659372483, -0.009488839039031222, 0.06601700968251498, 0.996078431372549]",7,True,True,,,,False,not_applicable,not_applicable,not_applicable,not_applicable,DF-03-02 50-sample run is pipeline and field-recording validation only; not final method-comparison data.
2026-06-11 08:19:05,df_03_02_libero_baseline_50_pipeline_debug,DF-03-02,DF-03-02,16fd738,df_03_02_baseline_020,openvla/modified_libero_rlds,test,libero_goal_no_noops,goal,train,test,304,/root/autodl-tmp/datasets/openvla_modified_libero_rlds/libero_goal_no_noops/1.0.0,/root/autodl-tmp/datasets/openvla_modified_libero_rlds/libero_goal_no_noops/1.0.0,middle,79,158,put the wine bottle on the rack,observation.image,language_instruction,"[0.09375, 0.0, 0.6723214387893677, 0.0, 0.09535714238882065, -0.03857142850756645, 1.0]",7,openvla/openvla-7b,bridge_orig,unconfirmed_for_libero,False,True,cuda:0,bfloat16,"3.10.20 (main, Mar 11 2026, 17:46:40) [GCC 14.3.0]",Linux-5.15.0-78-generic-x86_64-with-glibc2.35,2.11.0+cu128,4.40.1,4.9.4,True,12.8,NVIDIA RTX PRO 6000 Blackwell Server Edition,94.9708,1,5,72.7439,45.3224,0.0,14.0905,14.1,14.1,14.414,14.5059,379.5528,3.9558,128.2501,127.8774,127.4094,129.7127,0.8883,0.1834,132.3894,7.553478,"array([ 0.01008023,  0.00669859,  0.01171072,  0.00369268, -0.01953681,
       -0.03552627,  0.99607843])","[0.01008022777473223, 0.006698593539350123, 0.01171071889426777, 0.0036926845651045342, -0.019536809646031453, -0.03552626896255165, 0.996078431372549]",7,True,True,,,,False,not_applicable,not_applicable,not_applicable,not_applicable,DF-03-02 50-sample run is pipeline and field-recording validation only; not final method-comparison data.
2026-06-11 08:19:05,df_03_02_libero_baseline_50_pipeline_debug,DF-03-02,DF-03-02,16fd738,df_03_02_baseline_021,openvla/modified_libero_rlds,test,libero_goal_no_noops,goal,train,test,332,/root/autodl-tmp/datasets/openvla_modified_libero_rlds/libero_goal_no_noops/1.0.0,/root/autodl-tmp/datasets/openvla_modified_libero_rlds/libero_goal_no_noops/1.0.0,middle,125,251,open the top drawer and put the bowl inside,observation.image,language_instruction,"[-0.4285714328289032, -0.2008928507566452, -0.5598214268684387, 0.0, 0.020357143133878708, -0.0, -1.0]",7,openvla/openvla-7b,bridge_orig,unconfirmed_for_libero,False,True,cuda:0,bfloat16,"3.10.20 (main, Mar 11 2026, 17:46:40) [GCC 14.3.0]",Linux-5.15.0-78-generic-x86_64-with-glibc2.35,2.11.0+cu128,4.40.1,4.9.4,True,12.8,NVIDIA RTX PRO 6000 Blackwell Server Edition,94.9708,1,5,72.7439,45.3224,0.0,14.0905,14.1,14.1,14.4143,14.5059,407.9368,4.1781,127.633,127.4901,126.9455,128.902,0.7557,0.1873,131.9985,7.575845,"array([-0.00311655, -0.0030142 ,  0.00209718,  0.01774176, -0.02221627,
       -0.03713807,  0.99607843])","[-0.00311655245808996, -0.003014201076591762, 0.002097183678518317, 0.017741757599746305, -0.022216268474564857, -0.03713806703628286, 0.996078431372549]",7,True,True,,,,False,not_applicable,not_applicable,not_applicable,not_applicable,DF-03-02 50-sample run is pipeline and field-recording validation only; not final method-comparison data.
2026-06-11 08:19:05,df_03_02_libero_baseline_50_pipeline_debug,DF-03-02,DF-03-02,16fd738,df_03_02_baseline_022,openvla/modified_libero_rlds,test,libero_goal_no_noops,goal,train,test,341,/root/autodl-tmp/datasets/openvla_modified_libero_rlds/libero_goal_no_noops/1.0.0,/root/autodl-tmp/datasets/openvla_modified_libero_rlds/libero_goal_no_noops/1.0.0,middle,51,103,put the cream cheese in the bowl,observation.image,language_instruction,"[0.0, 0.0535714291036129, 0.5839285850524902, -0.03857142850756645, 0.004285714123398066, 0.009642857126891613, 1.0]",7,openvla/openvla-7b,bridge_orig,unconfirmed_for_libero,False,True,cuda:0,bfloat16,"3.10.20 (main, Mar 11 2026, 17:46:40) [GCC 14.3.0]",Linux-5.15.0-78-generic-x86_64-with-glibc2.35,2.11.0+cu128,4.40.1,4.9.4,True,12.8,NVIDIA RTX PRO 6000 Blackwell Server Edition,94.9708,1,5,72.7439,45.3224,0.0,14.0905,14.1,14.1,14.4141,14.5059,366.4608,4.0112,127.4339,127.2939,127.0456,127.9829,0.416,0.1871,131.6323,7.596921,"array([-0.00020879,  0.00248972,  0.01378932,  0.01838035, -0.02422586,
        0.03861644,  0.        ])","[-0.00020878732204438963, 0.0024897158724419693, 0.013789321103078466, 0.018380351828593683, -0.024225862595964903, 0.0386164424290843, 0.0]",7,True,True,,,,False,not_applicable,not_applicable,not_applicable,not_applicable,DF-03-02 50-sample run is pipeline and field-recording validation only; not final method-comparison data.
2026-06-11 08:19:05,df_03_02_libero_baseline_50_pipeline_debug,DF-03-02,DF-03-02,16fd738,df_03_02_baseline_023,openvla/modified_libero_rlds,test,libero_goal_no_noops,goal,train,test,357,/root/autodl-tmp/datasets/openvla_modified_libero_rlds/libero_goal_no_noops/1.0.0,/root/autodl-tmp/datasets/openvla_modified_libero_rlds/libero_goal_no_noops/1.0.0,middle,44,88,turn on the stove,observation.image,language_instruction,"[-0.637499988079071, 0.0053571430034935474, -0.5276785492897034, 0.0, 0.04392857104539871, 0.04285714402794838, -1.0]",7,openvla/openvla-7b,bridge_orig,unconfirmed_for_libero,False,True,cuda:0,bfloat16,"3.10.20 (main, Mar 11 2026, 17:46:40) [GCC 14.3.0]",Linux-5.15.0-78-generic-x86_64-with-glibc2.35,2.11.0+cu128,4.40.1,4.9.4,True,12.8,NVIDIA RTX PRO 6000 Blackwell Server Edition,94.9708,1,5,72.7439,45.3224,0.0,14.0905,14.1,14.1,14.4124,14.5059,512.4826,3.5158,127.7519,127.6416,126.0182,129.5359,1.5066,0.188,131.4557,7.607125,"array([-2.08787322e-04,  8.70916770e-04,  1.85814697e-05, -7.77475037e-04,
        1.22899628e-03, -4.90210556e-03,  0.00000000e+00])","[-0.00020878732204438963, 0.0008709167697849851, 1.8581469707623643e-05, -0.0007774750368269162, 0.0012289962751023675, -0.004902105561658515, 0.0]",7,True,True,,,,False,not_applicable,not_applicable,not_applicable,not_applicable,DF-03-02 50-sample run is pipeline and field-recording validation only; not final method-comparison data.
2026-06-11 08:19:05,df_03_02_libero_baseline_50_pipeline_debug,DF-03-02,DF-03-02,16fd738,df_03_02_baseline_024,openvla/modified_libero_rlds,test,libero_goal_no_noops,goal,train,test,400,/root/autodl-tmp/datasets/openvla_modified_libero_rlds/libero_goal_no_noops/1.0.0,/root/autodl-tmp/datasets/openvla_modified_libero_rlds/libero_goal_no_noops/1.0.0,middle,63,126,open the middle drawer of the cabinet,observation.image,language_instruction,"[0.11785714328289032, -0.3214285671710968, -0.02142857201397419, -0.03642857074737549, 0.0, 0.11892857402563095, -1.0]",7,openvla/openvla-7b,bridge_orig,unconfirmed_for_libero,False,True,cuda:0,bfloat16,"3.10.20 (main, Mar 11 2026, 17:46:40) [GCC 14.3.0]",Linux-5.15.0-78-generic-x86_64-with-glibc2.35,2.11.0+cu128,4.40.1,4.9.4,True,12.8,NVIDIA RTX PRO 6000 Blackwell Server Edition,94.9708,1,5,72.7439,45.3224,0.0,14.0905,14.1,14.1,14.4138,14.5059,415.0011,4.4441,126.2725,126.1826,125.9189,126.86,0.3581,0.1915,130.9081,7.638944,"array([-2.08787322e-04,  2.23397129e-04,  2.87665951e-03, -5.24763464e-03,
        1.89886098e-03, -1.45728940e-02,  9.96078431e-01])","[-0.00020878732204438963, 0.00022339712872219974, 0.0028766595068223273, -0.005247634638758394, 0.0018988609822357116, -0.014572894004045822, 0.996078431372549]",7,True,True,,,,False,not_applicable,not_applicable,not_applicable,not_applicable,DF-03-02 50-sample run is pipeline and field-recording validation only; not final method-comparison data.
2026-06-11 08:19:05,df_03_02_libero_baseline_50_pipeline_debug,DF-03-02,DF-03-02,16fd738,df_03_02_baseline_025,openvla/modified_libero_rlds,test,libero_object_no_noops,object,train,test,25,/root/autodl-tmp/datasets/openvla_modified_libero_rlds/libero_object_no_noops/1.0.0,/root/autodl-tmp/datasets/openvla_modified_libero_rlds/libero_object_no_noops/1.0.0,middle,68,136,pick up the orange juice and place it in the basket,observation.image,language_instruction,"[-0.09642857313156128, 0.39375001192092896, 0.24642856419086456, 0.05249999836087227, 0.0, -0.0, 1.0]",7,openvla/openvla-7b,bridge_orig,unconfirmed_for_libero,False,True,cuda:0,bfloat16,"3.10.20 (main, Mar 11 2026, 17:46:40) [GCC 14.3.0]",Linux-5.15.0-78-generic-x86_64-with-glibc2.35,2.11.0+cu128,4.40.1,4.9.4,True,12.8,NVIDIA RTX PRO 6000 Blackwell Server Edition,94.9708,1,5,72.7439,45.3224,0.0,14.0905,14.1,14.1,14.4144,14.5059,436.7627,3.8796,127.0543,126.8372,126.2679,127.9059,0.6656,0.3194,131.2533,7.618858,"array([ 0.00739614, -0.00722308,  0.01378932,  0.08160118, -0.02489573,
       -0.0113493 ,  0.        ])","[0.007396136879920936, -0.007223078743499908, 0.013789321103078466, 0.0816011804844816, -0.024895727303098247, -0.011349297856583396, 0.0]",7,True,True,,,,False,not_applicable,not_applicable,not_applicable,not_applicable,DF-03-02 50-sample run is pipeline and field-recording validation only; not final method-comparison data.
2026-06-11 08:19:05,df_03_02_libero_baseline_50_pipeline_debug,DF-03-02,DF-03-02,16fd738,df_03_02_baseline_026,openvla/modified_libero_rlds,test,libero_object_no_noops,object,train,test,164,/root/autodl-tmp/datasets/openvla_modified_libero_rlds/libero_object_no_noops/1.0.0,/root/autodl-tmp/datasets/openvla_modified_libero_rlds/libero_object_no_noops/1.0.0,middle,78,156,pick up the ketchup and place it in the basket,observation.image,language_instruction,"[0.4124999940395355, 0.5116071701049805, 0.6535714268684387, 0.0, 0.02142857201397419, -0.0, 1.0]",7,openvla/openvla-7b,bridge_orig,unconfirmed_for_libero,False,True,cuda:0,bfloat16,"3.10.20 (main, Mar 11 2026, 17:46:40) [GCC 14.3.0]",Linux-5.15.0-78-generic-x86_64-with-glibc2.35,2.11.0+cu128,4.40.1,4.9.4,True,12.8,NVIDIA RTX PRO 6000 Blackwell Server Edition,94.9708,1,5,72.7439,45.3224,0.0,14.0905,14.1,14.1,14.4144,14.5059,583.193,4.8265,126.781,126.5959,125.8789,127.4808,0.6643,0.2,131.8075,7.586823,"array([-0.00020879, -0.00204292,  0.01145089,  0.0017769 , -0.023556  ,
        0.02572206,  0.        ])","[-0.00020878732204438963, -0.002042921614997577, 0.011450893618166435, 0.001776901878562484, -0.023555997888831545, 0.02572205783923459, 0.0]",7,True,True,,,,False,not_applicable,not_applicable,not_applicable,not_applicable,DF-03-02 50-sample run is pipeline and field-recording validation only; not final method-comparison data.
2026-06-11 08:19:05,df_03_02_libero_baseline_50_pipeline_debug,DF-03-02,DF-03-02,16fd738,df_03_02_baseline_027,openvla/modified_libero_rlds,test,libero_object_no_noops,object,train,test,200,/root/autodl-tmp/datasets/openvla_modified_libero_rlds/libero_object_no_noops/1.0.0,/root/autodl-tmp/datasets/openvla_modified_libero_rlds/libero_object_no_noops/1.0.0,middle,62,125,pick up the salad dressing and place it in the basket,observation.image,language_instruction,"[0.04553571343421936, 0.013392857275903225, 0.9375, 0.0, 0.07607142627239227, 0.012857142835855484, 1.0]",7,openvla/openvla-7b,bridge_orig,unconfirmed_for_libero,False,True,cuda:0,bfloat16,"3.10.20 (main, Mar 11 2026, 17:46:40) [GCC 14.3.0]",Linux-5.15.0-78-generic-x86_64-with-glibc2.35,2.11.0+cu128,4.40.1,4.9.4,True,12.8,NVIDIA RTX PRO 6000 Blackwell Server Edition,94.9708,1,5,72.7439,45.3224,0.0,14.0905,14.1,14.1,14.4148,14.5059,518.5137,4.0682,126.7702,126.7068,126.5454,127.1175,0.2311,0.1921,131.0304,7.631817,"array([-0.00020879,  0.00087092,  0.0145688 ,  0.01710316, -0.0215464 ,
       -0.00329031,  0.        ])","[-0.00020878732204438963, 0.0008709167697849851, 0.014568796931382483, 0.017103163370898955, -0.021546403767431513, -0.003290307487927302, 0.0]",7,True,True,,,,False,not_applicable,not_applicable,not_applicable,not_applicable,DF-03-02 50-sample run is pipeline and field-recording validation only; not final method-comparison data.
2026-06-11 08:19:05,df_03_02_libero_baseline_50_pipeline_debug,DF-03-02,DF-03-02,16fd738,df_03_02_baseline_028,openvla/modified_libero_rlds,test,libero_object_no_noops,object,train,test,262,/root/autodl-tmp/datasets/openvla_modified_libero_rlds/libero_object_no_noops/1.0.0,/root/autodl-tmp/datasets/openvla_modified_libero_rlds/libero_object_no_noops/1.0.0,middle,73,146,pick up the cream cheese and place it in the basket,observation.image,language_instruction,"[-0.02946428582072258, 0.0, 0.12589286267757416, 0.0, 0.0, -0.03642857074737549, 1.0]",7,openvla/openvla-7b,bridge_orig,unconfirmed_for_libero,False,True,cuda:0,bfloat16,"3.10.20 (main, Mar 11 2026, 17:46:40) [GCC 14.3.0]",Linux-5.15.0-78-generic-x86_64-with-glibc2.35,2.11.0+cu128,4.40.1,4.9.4,True,12.8,NVIDIA RTX PRO 6000 Blackwell Server Edition,94.9708,1,5,72.7439,45.3224,0.0,14.0905,14.1,14.1,14.4148,14.5059,539.9258,3.8208,127.5462,127.4663,126.5008,128.428,0.8439,0.1843,131.5513,7.6016,"array([-0.00020879, -0.00592804, -0.00231985, -0.01610374,  0.001229  ,
       -0.01618469,  0.        ])","[-0.00020878732204438963, -0.005928039461374324, -0.0023198460152044076, -0.016103736529163387, 0.0012289962751023675, -0.016184692077777035, 0.0]",7,True,True,,,,False,not_applicable,not_applicable,not_applicable,not_applicable,DF-03-02 50-sample run is pipeline and field-recording validation only; not final method-comparison data.
2026-06-11 08:19:05,df_03_02_libero_baseline_50_pipeline_debug,DF-03-02,DF-03-02,16fd738,df_03_02_baseline_029,openvla/modified_libero_rlds,test,libero_object_no_noops,object,train,test,267,/root/autodl-tmp/datasets/openvla_modified_libero_rlds/libero_object_no_noops/1.0.0,/root/autodl-tmp/datasets/openvla_modified_libero_rlds/libero_object_no_noops/1.0.0,middle,74,149,pick up the alphabet soup and place it in the basket,observation.image,language_instruction,"[0.2946428656578064, 0.7982142567634583, 0.16607142984867096, 0.0, -0.03750000149011612, -0.009642857126891613, 1.0]",7,openvla/openvla-7b,bridge_orig,unconfirmed_for_libero,False,True,cuda:0,bfloat16,"3.10.20 (main, Mar 11 2026, 17:46:40) [GCC 14.3.0]",Linux-5.15.0-78-generic-x86_64-with-glibc2.35,2.11.0+cu128,4.40.1,4.9.4,True,12.8,NVIDIA RTX PRO 6000 Blackwell Server Edition,94.9708,1,5,72.7439,45.3224,0.0,14.0905,14.1,14.1,14.4143,14.5059,539.9946,3.7385,126.3548,126.2778,125.7595,126.9203,0.4331,0.1856,130.2789,7.675841,"array([-0.00669534,  0.00087092, -0.00076089, -0.00141607,  0.03874142,
       -0.05003245,  0.        ])","[-0.006695340317838347, 0.0008709167697849851, -0.0007608943585963902, -0.0014160692656742802, 0.0387414198745699, -0.050032451626132596, 0.0]",7,True,True,,,,False,not_applicable,not_applicable,not_applicable,not_applicable,DF-03-02 50-sample run is pipeline and field-recording validation only; not final method-comparison data.
2026-06-11 08:19:05,df_03_02_libero_baseline_50_pipeline_debug,DF-03-02,DF-03-02,16fd738,df_03_02_baseline_030,openvla/modified_libero_rlds,test,libero_object_no_noops,object,train,test,270,/root/autodl-tmp/datasets/openvla_modified_libero_rlds/libero_object_no_noops/1.0.0,/root/autodl-tmp/datasets/openvla_modified_libero_rlds/libero_object_no_noops/1.0.0,middle,67,135,pick up the bbq sauce and place it in the basket,observation.image,language_instruction,"[0.0, 0.0, 0.34285715222358704, -0.05249999836087227, 0.0, -0.035357143729925156, 1.0]",7,openvla/openvla-7b,bridge_orig,unconfirmed_for_libero,False,True,cuda:0,bfloat16,"3.10.20 (main, Mar 11 2026, 17:46:40) [GCC 14.3.0]",Linux-5.15.0-78-generic-x86_64-with-glibc2.35,2.11.0+cu128,4.40.1,4.9.4,True,12.8,NVIDIA RTX PRO 6000 Blackwell Server Edition,94.9708,1,5,72.7439,45.3224,0.0,14.0905,14.1,14.1,14.4157,14.5059,536.6062,3.8019,127.1676,127.0303,126.9303,127.7605,0.3378,0.1809,131.1503,7.624838,"array([ 0.0024753 , -0.0094894 ,  0.03431552, -0.06016674, -0.0577191 ,
       -0.01618469,  0.        ])","[0.002475303572766905, -0.009489397487219678, 0.03431551791508407, -0.06016673831963075, -0.05771909795263235, -0.016184692077777035, 0.0]",7,True,True,,,,False,not_applicable,not_applicable,not_applicable,not_applicable,DF-03-02 50-sample run is pipeline and field-recording validation only; not final method-comparison data.
2026-06-11 08:19:05,df_03_02_libero_baseline_50_pipeline_debug,DF-03-02,DF-03-02,16fd738,df_03_02_baseline_031,openvla/modified_libero_rlds,test,libero_object_no_noops,object,train,test,274,/root/autodl-tmp/datasets/openvla_modified_libero_rlds/libero_object_no_noops/1.0.0,/root/autodl-tmp/datasets/openvla_modified_libero_rlds/libero_object_no_noops/1.0.0,middle,82,165,pick up the chocolate pudding and place it in the basket,observation.image,language_instruction,"[0.2276785671710968, 0.06964285671710968, 0.46071428060531616, 0.10821428894996643, 0.013928571715950966, 0.04285714402794838, 1.0]",7,openvla/openvla-7b,bridge_orig,unconfirmed_for_libero,False,True,cuda:0,bfloat16,"3.10.20 (main, Mar 11 2026, 17:46:40) [GCC 14.3.0]",Linux-5.15.0-78-generic-x86_64-with-glibc2.35,2.11.0+cu128,4.40.1,4.9.4,True,12.8,NVIDIA RTX PRO 6000 Blackwell Server Edition,94.9708,1,5,72.7439,45.3224,0.0,14.0905,14.1,14.1,14.4167,14.5059,515.1186,3.7847,126.7765,126.8174,126.1203,127.3679,0.489,0.183,130.7442,7.648523,"array([-0.0026692 , -0.03182883,  0.02392251, -0.05122642,  0.01529616,
        0.04022824,  0.        ])","[-0.0026692039756214085, -0.031828825103885995, 0.023922506871030595, -0.05122641911576781, 0.015296155124902691, 0.04022824050281551, 0.0]",7,True,True,,,,False,not_applicable,not_applicable,not_applicable,not_applicable,DF-03-02 50-sample run is pipeline and field-recording validation only; not final method-comparison data.
2026-06-11 08:19:05,df_03_02_libero_baseline_50_pipeline_debug,DF-03-02,DF-03-02,16fd738,df_03_02_baseline_032,openvla/modified_libero_rlds,test,libero_object_no_noops,object,train,test,289,/root/autodl-tmp/datasets/openvla_modified_libero_rlds/libero_object_no_noops/1.0.0,/root/autodl-tmp/datasets/openvla_modified_libero_rlds/libero_object_no_noops/1.0.0,middle,74,149,pick up the chocolate pudding and place it in the basket,observation.image,language_instruction,"[0.3482142984867096, 0.3053571283817291, 0.4848214387893677, 0.0053571430034935474, 0.09321428835391998, -0.0, 1.0]",7,openvla/openvla-7b,bridge_orig,unconfirmed_for_libero,False,True,cuda:0,bfloat16,"3.10.20 (main, Mar 11 2026, 17:46:40) [GCC 14.3.0]",Linux-5.15.0-78-generic-x86_64-with-glibc2.35,2.11.0+cu128,4.40.1,4.9.4,True,12.8,NVIDIA RTX PRO 6000 Blackwell Server Edition,94.9708,1,5,72.7439,45.3224,0.0,14.0905,14.1,14.1,14.4167,14.5059,514.0866,3.5915,127.454,127.418,127.0671,127.8072,0.2708,0.1823,131.2278,7.620334,"array([ 0.00113326,  0.04069337,  0.00755351, -0.02121249,  0.01864548,
        0.0724642 ,  0.        ])","[0.0011332581253612577, 0.04069337469514669, 0.007553514476646383, -0.021212490359942215, 0.01864547866056944, 0.07246420197743988, 0.0]",7,True,True,,,,False,not_applicable,not_applicable,not_applicable,not_applicable,DF-03-02 50-sample run is pipeline and field-recording validation only; not final method-comparison data.
2026-06-11 08:19:05,df_03_02_libero_baseline_50_pipeline_debug,DF-03-02,DF-03-02,16fd738,df_03_02_baseline_033,openvla/modified_libero_rlds,test,libero_object_no_noops,object,train,test,291,/root/autodl-tmp/datasets/openvla_modified_libero_rlds/libero_object_no_noops/1.0.0,/root/autodl-tmp/datasets/openvla_modified_libero_rlds/libero_object_no_noops/1.0.0,middle,64,129,pick up the salad dressing and place it in the basket,observation.image,language_instruction,"[-0.19821429252624512, 0.36964285373687744, 0.7901785969734192, 0.017142856493592262, -0.1103571429848671, -0.12321428209543228, 1.0]",7,openvla/openvla-7b,bridge_orig,unconfirmed_for_libero,False,True,cuda:0,bfloat16,"3.10.20 (main, Mar 11 2026, 17:46:40) [GCC 14.3.0]",Linux-5.15.0-78-generic-x86_64-with-glibc2.35,2.11.0+cu128,4.40.1,4.9.4,True,12.8,NVIDIA RTX PRO 6000 Blackwell Server Edition,94.9708,1,5,72.7439,45.3224,0.0,14.0905,14.1,14.1,14.4148,14.5059,515.2126,3.7332,126.6353,126.5008,126.0144,127.5058,0.6021,0.1841,130.5526,7.659747,"array([-0.00378758, -0.00657556,  0.02288321,  0.05669601,  0.00725778,
        0.00476868,  0.        ])","[-0.00378757518179278, -0.006575559102437116, 0.022883205766625257, 0.05669600555943484, 0.007257778639302506, 0.004768682880728764, 0.0]",7,True,True,,,,False,not_applicable,not_applicable,not_applicable,not_applicable,DF-03-02 50-sample run is pipeline and field-recording validation only; not final method-comparison data.
2026-06-11 08:19:05,df_03_02_libero_baseline_50_pipeline_debug,DF-03-02,DF-03-02,16fd738,df_03_02_baseline_034,openvla/modified_libero_rlds,test,libero_object_no_noops,object,train,test,321,/root/autodl-tmp/datasets/openvla_modified_libero_rlds/libero_object_no_noops/1.0.0,/root/autodl-tmp/datasets/openvla_modified_libero_rlds/libero_object_no_noops/1.0.0,middle,78,157,pick up the tomato sauce and place it in the basket,observation.image,language_instruction,"[-0.16339285671710968, 0.5491071343421936, 0.43660715222358704, 0.0, 0.0, -0.06642857193946838, 1.0]",7,openvla/openvla-7b,bridge_orig,unconfirmed_for_libero,False,True,cuda:0,bfloat16,"3.10.20 (main, Mar 11 2026, 17:46:40) [GCC 14.3.0]",Linux-5.15.0-78-generic-x86_64-with-glibc2.35,2.11.0+cu128,4.40.1,4.9.4,True,12.8,NVIDIA RTX PRO 6000 Blackwell Server Edition,94.9708,1,5,72.7439,45.3224,0.0,14.0905,14.1,14.1,14.4148,14.5059,723.2364,3.7245,127.2512,127.4408,126.8846,127.5249,0.3018,0.1819,131.1576,7.624418,"array([ 0.00292265, -0.00333796,  0.00131771,  0.00049971, -0.01350803,
       -0.01940829,  0.        ])","[0.0029226520552354494, -0.0033379608971231545, 0.0013177078502143065, 0.0004997134208677839, -0.013508027281831314, -0.01940828822523946, 0.0]",7,True,True,,,,False,not_applicable,not_applicable,not_applicable,not_applicable,DF-03-02 50-sample run is pipeline and field-recording validation only; not final method-comparison data.
2026-06-11 08:19:05,df_03_02_libero_baseline_50_pipeline_debug,DF-03-02,DF-03-02,16fd738,df_03_02_baseline_035,openvla/modified_libero_rlds,test,libero_object_no_noops,object,train,test,342,/root/autodl-tmp/datasets/openvla_modified_libero_rlds/libero_object_no_noops/1.0.0,/root/autodl-tmp/datasets/openvla_modified_libero_rlds/libero_object_no_noops/1.0.0,middle,84,168,pick up the chocolate pudding and place it in the basket,observation.image,language_instruction,"[0.0, 0.04553571343421936, 0.9375, 0.0, 0.02678571455180645, -0.017142856493592262, 1.0]",7,openvla/openvla-7b,bridge_orig,unconfirmed_for_libero,False,True,cuda:0,bfloat16,"3.10.20 (main, Mar 11 2026, 17:46:40) [GCC 14.3.0]",Linux-5.15.0-78-generic-x86_64-with-glibc2.35,2.11.0+cu128,4.40.1,4.9.4,True,12.8,NVIDIA RTX PRO 6000 Blackwell Server Edition,94.9708,1,5,72.7439,45.3224,0.0,14.0905,14.1,14.1,14.4167,14.5059,634.3327,4.0376,126.4175,125.9817,125.9167,127.1308,0.6362,0.1815,130.6366,7.654822,"array([-0.00960311,  0.0018422 ,  0.03119761,  0.00369268,  0.01864548,
       -0.10322179,  0.        ])","[-0.00960310545388391, 0.001842196231379177, 0.03119761460186803, 0.0036926845651045342, 0.01864547866056944, -0.10322178805926271, 0.0]",7,True,True,,,,False,not_applicable,not_applicable,not_applicable,not_applicable,DF-03-02 50-sample run is pipeline and field-recording validation only; not final method-comparison data.
2026-06-11 08:19:05,df_03_02_libero_baseline_50_pipeline_debug,DF-03-02,DF-03-02,16fd738,df_03_02_baseline_036,openvla/modified_libero_rlds,test,libero_object_no_noops,object,train,test,352,/root/autodl-tmp/datasets/openvla_modified_libero_rlds/libero_object_no_noops/1.0.0,/root/autodl-tmp/datasets/openvla_modified_libero_rlds/libero_object_no_noops/1.0.0,middle,76,153,pick up the orange juice and place it in the basket,observation.image,language_instruction,"[0.06964285671710968, 0.7767857313156128, 0.2946428656578064, 0.0, 0.0, -0.03750000149011612, 1.0]",7,openvla/openvla-7b,bridge_orig,unconfirmed_for_libero,False,True,cuda:0,bfloat16,"3.10.20 (main, Mar 11 2026, 17:46:40) [GCC 14.3.0]",Linux-5.15.0-78-generic-x86_64-with-glibc2.35,2.11.0+cu128,4.40.1,4.9.4,True,12.8,NVIDIA RTX PRO 6000 Blackwell Server Edition,94.9708,1,5,72.7439,45.3224,0.0,14.0905,14.1,14.1,14.4144,14.5059,607.7483,3.7506,128.5585,128.5923,127.5159,129.2371,0.6481,0.2083,132.5174,7.546179,"array([-0.01653701,  0.03454194,  0.00365614, -0.02695984, -0.0121683 ,
        0.05312263,  0.        ])","[-0.016537006932146416, 0.034541938105050164, 0.0036561353351263343, -0.026959838419568394, -0.012168297867564626, 0.05312262509266527, 0.0]",7,True,True,,,,False,not_applicable,not_applicable,not_applicable,not_applicable,DF-03-02 50-sample run is pipeline and field-recording validation only; not final method-comparison data.
2026-06-11 08:19:05,df_03_02_libero_baseline_50_pipeline_debug,DF-03-02,DF-03-02,16fd738,df_03_02_baseline_037,openvla/modified_libero_rlds,test,libero_object_no_noops,object,train,test,409,/root/autodl-tmp/datasets/openvla_modified_libero_rlds/libero_object_no_noops/1.0.0,/root/autodl-tmp/datasets/openvla_modified_libero_rlds/libero_object_no_noops/1.0.0,middle,90,180,pick up the tomato sauce and place it in the basket,observation.image,language_instruction,"[0.0, 0.16339285671710968, 0.9026785492897034, 0.0, 0.07285714149475098, -0.04392857104539871, 1.0]",7,openvla/openvla-7b,bridge_orig,unconfirmed_for_libero,False,True,cuda:0,bfloat16,"3.10.20 (main, Mar 11 2026, 17:46:40) [GCC 14.3.0]",Linux-5.15.0-78-generic-x86_64-with-glibc2.35,2.11.0+cu128,4.40.1,4.9.4,True,12.8,NVIDIA RTX PRO 6000 Blackwell Server Edition,94.9708,1,5,72.7439,45.3224,0.0,14.0905,14.1,14.1,14.4148,14.5059,561.6993,4.2801,126.8565,126.854,126.502,127.2024,0.3285,0.2583,131.3949,7.610643,"array([ 0.00269898, -0.00398548,  0.00235701,  0.00752425, -0.00011073,
       -0.01457289,  0.        ])","[0.0026989778140011807, -0.003985480538185947, 0.002357008954619655, 0.007524249938188662, -0.00011073313916434846, -0.014572894004045822, 0.0]",7,True,True,,,,False,not_applicable,not_applicable,not_applicable,not_applicable,DF-03-02 50-sample run is pipeline and field-recording validation only; not final method-comparison data.
2026-06-11 08:19:05,df_03_02_libero_baseline_50_pipeline_debug,DF-03-02,DF-03-02,16fd738,df_03_02_baseline_038,openvla/modified_libero_rlds,test,libero_spatial_no_noops,spatial,train,test,43,/root/autodl-tmp/datasets/openvla_modified_libero_rlds/libero_spatial_no_noops/1.0.0,/root/autodl-tmp/datasets/openvla_modified_libero_rlds/libero_spatial_no_noops/1.0.0,middle,56,113,pick up the black bowl next to the cookie box and place it on the plate,observation.image,language_instruction,"[0.3589285612106323, 0.0, 0.15535713732242584, -0.04714285582304001, 0.035357143729925156, -0.017142856493592262, 1.0]",7,openvla/openvla-7b,bridge_orig,unconfirmed_for_libero,False,True,cuda:0,bfloat16,"3.10.20 (main, Mar 11 2026, 17:46:40) [GCC 14.3.0]",Linux-5.15.0-78-generic-x86_64-with-glibc2.35,2.11.0+cu128,4.40.1,4.9.4,True,12.8,NVIDIA RTX PRO 6000 Blackwell Server Edition,94.9708,1,5,72.7439,45.3224,0.0,14.0905,14.1,14.1,14.4196,14.5059,354.8235,3.9453,133.8948,134.182,132.5691,134.7691,0.8254,0.2326,138.0728,7.242558,"array([-0.00020879, -0.00042412,  0.00703386, -0.00716342, -0.00747924,
        0.00315688,  0.        ])","[-0.00020878732204438963, -0.00042412251234059256, 0.007033863924443714, -0.0071634173253004585, -0.007479244917631175, 0.003156884806997551, 0.0]",7,True,True,,,,False,not_applicable,not_applicable,not_applicable,not_applicable,DF-03-02 50-sample run is pipeline and field-recording validation only; not final method-comparison data.
2026-06-11 08:19:05,df_03_02_libero_baseline_50_pipeline_debug,DF-03-02,DF-03-02,16fd738,df_03_02_baseline_039,openvla/modified_libero_rlds,test,libero_spatial_no_noops,spatial,train,test,91,/root/autodl-tmp/datasets/openvla_modified_libero_rlds/libero_spatial_no_noops/1.0.0,/root/autodl-tmp/datasets/openvla_modified_libero_rlds/libero_spatial_no_noops/1.0.0,middle,48,96,pick up the black bowl between the plate and the ramekin and place it on the plate,observation.image,language_instruction,"[0.1741071492433548, 0.0, 0.3053571283817291, 0.0, 0.14142857491970062, -0.06321428716182709, 1.0]",7,openvla/openvla-7b,bridge_orig,unconfirmed_for_libero,False,True,cuda:0,bfloat16,"3.10.20 (main, Mar 11 2026, 17:46:40) [GCC 14.3.0]",Linux-5.15.0-78-generic-x86_64-with-glibc2.35,2.11.0+cu128,4.40.1,4.9.4,True,12.8,NVIDIA RTX PRO 6000 Blackwell Server Edition,94.9708,1,5,72.7439,45.3224,0.0,14.0905,14.1,14.1,14.4224,14.5059,492.6937,4.787,132.6162,133.0547,131.2306,133.3078,0.8625,0.2454,137.6487,7.264871,"array([ 2.38561160e-04, -3.98548054e-03,  6.25438810e-03,  3.62609902e-02,
        5.59131568e-04, -6.51390364e-03,  9.96078431e-01])","[0.00023856116042415831, -0.003985480538185947, 0.0062543880961397035, 0.036260990236319554, 0.0005591315679690234, -0.006513903635389756, 0.996078431372549]",7,True,True,,,,False,not_applicable,not_applicable,not_applicable,not_applicable,DF-03-02 50-sample run is pipeline and field-recording validation only; not final method-comparison data.
2026-06-11 08:19:05,df_03_02_libero_baseline_50_pipeline_debug,DF-03-02,DF-03-02,16fd738,df_03_02_baseline_040,openvla/modified_libero_rlds,test,libero_spatial_no_noops,spatial,train,test,112,/root/autodl-tmp/datasets/openvla_modified_libero_rlds/libero_spatial_no_noops/1.0.0,/root/autodl-tmp/datasets/openvla_modified_libero_rlds/libero_spatial_no_noops/1.0.0,middle,78,156,pick up the black bowl in the top drawer of the wooden cabinet and place it on the plate,observation.image,language_instruction,"[0.15535713732242584, 0.6803571581840515, 0.7339285612106323, -0.034285712987184525, 0.04928571358323097, 0.006428571417927742, 1.0]",7,openvla/openvla-7b,bridge_orig,unconfirmed_for_libero,False,True,cuda:0,bfloat16,"3.10.20 (main, Mar 11 2026, 17:46:40) [GCC 14.3.0]",Linux-5.15.0-78-generic-x86_64-with-glibc2.35,2.11.0+cu128,4.40.1,4.9.4,True,12.8,NVIDIA RTX PRO 6000 Blackwell Server Edition,94.9708,1,5,72.7439,45.3224,0.0,14.0905,14.1,14.1,14.4234,14.5059,445.6257,4.7325,133.7844,133.9059,132.467,134.4493,0.8132,0.2232,138.7401,7.20772,"array([-0.00177451, -0.00107164,  0.00703386,  0.00496987, -0.01350803,
       -0.04358526,  0.        ])","[-0.0017745070106843092, -0.0010716421534033849, 0.007033863924443714, 0.004969873022799262, -0.013508027281831314, -0.04358525933120769, 0.0]",7,True,True,,,,False,not_applicable,not_applicable,not_applicable,not_applicable,DF-03-02 50-sample run is pipeline and field-recording validation only; not final method-comparison data.
2026-06-11 08:19:05,df_03_02_libero_baseline_50_pipeline_debug,DF-03-02,DF-03-02,16fd738,df_03_02_baseline_041,openvla/modified_libero_rlds,test,libero_spatial_no_noops,spatial,train,test,179,/root/autodl-tmp/datasets/openvla_modified_libero_rlds/libero_spatial_no_noops/1.0.0,/root/autodl-tmp/datasets/openvla_modified_libero_rlds/libero_spatial_no_noops/1.0.0,middle,64,129,pick up the black bowl from table center and place it on the plate,observation.image,language_instruction,"[0.3241071403026581, 0.6910714507102966, 0.65625, -0.04500000178813934, 0.0053571430034935474, -0.019285714253783226, 1.0]",7,openvla/openvla-7b,bridge_orig,unconfirmed_for_libero,False,True,cuda:0,bfloat16,"3.10.20 (main, Mar 11 2026, 17:46:40) [GCC 14.3.0]",Linux-5.15.0-78-generic-x86_64-with-glibc2.35,2.11.0+cu128,4.40.1,4.9.4,True,12.8,NVIDIA RTX PRO 6000 Blackwell Server Edition,94.9708,1,5,72.7439,45.3224,0.0,14.0905,14.1,14.1,14.4167,14.5059,473.5096,4.6922,137.1741,136.8976,136.4785,137.9627,0.6379,0.2085,142.0748,7.038548,"array([-0.01474761, -0.00495676,  0.01612775,  0.00433128, -0.03762316,
       -0.11289258,  0.99607843])","[-0.01474761300227222, -0.004956759999780139, 0.016127748587990497, 0.004331278793951912, -0.03762315673863189, -0.11289257650165002, 0.996078431372549]",7,True,True,,,,False,not_applicable,not_applicable,not_applicable,not_applicable,DF-03-02 50-sample run is pipeline and field-recording validation only; not final method-comparison data.
2026-06-11 08:19:05,df_03_02_libero_baseline_50_pipeline_debug,DF-03-02,DF-03-02,16fd738,df_03_02_baseline_042,openvla/modified_libero_rlds,test,libero_spatial_no_noops,spatial,train,test,270,/root/autodl-tmp/datasets/openvla_modified_libero_rlds/libero_spatial_no_noops/1.0.0,/root/autodl-tmp/datasets/openvla_modified_libero_rlds/libero_spatial_no_noops/1.0.0,middle,71,142,pick up the black bowl on the wooden cabinet and place it on the plate,observation.image,language_instruction,"[0.0, 0.8142856955528259, 0.3053571283817291, -0.013928571715950966, 0.020357143133878708, 0.008571428246796131, 1.0]",7,openvla/openvla-7b,bridge_orig,unconfirmed_for_libero,False,True,cuda:0,bfloat16,"3.10.20 (main, Mar 11 2026, 17:46:40) [GCC 14.3.0]",Linux-5.15.0-78-generic-x86_64-with-glibc2.35,2.11.0+cu128,4.40.1,4.9.4,True,12.8,NVIDIA RTX PRO 6000 Blackwell Server Edition,94.9708,1,5,72.7439,45.3224,0.0,14.0905,14.1,14.1,14.4187,14.5059,551.7398,4.7618,135.2296,134.7861,134.5969,136.0525,0.7483,0.2014,140.1928,7.133036,"array([-0.01273454,  0.01123123, -0.00231985,  0.01646457,  0.00993724,
       -0.02746728,  0.99607843])","[-0.012734544831163753, 0.011231231026789655, -0.0023198460152044076, 0.016464569142051605, 0.009937237467835897, -0.027467278593895555, 0.996078431372549]",7,True,True,,,,False,not_applicable,not_applicable,not_applicable,not_applicable,DF-03-02 50-sample run is pipeline and field-recording validation only; not final method-comparison data.
2026-06-11 08:19:05,df_03_02_libero_baseline_50_pipeline_debug,DF-03-02,DF-03-02,16fd738,df_03_02_baseline_043,openvla/modified_libero_rlds,test,libero_spatial_no_noops,spatial,train,test,282,/root/autodl-tmp/datasets/openvla_modified_libero_rlds/libero_spatial_no_noops/1.0.0,/root/autodl-tmp/datasets/openvla_modified_libero_rlds/libero_spatial_no_noops/1.0.0,middle,72,145,pick up the black bowl in the top drawer of the wooden cabinet and place it on the plate,observation.image,language_instruction,"[0.04285714402794838, 0.05892857164144516, 0.9375, -0.006428571417927742, 0.03857142850756645, -0.04178571328520775, 1.0]",7,openvla/openvla-7b,bridge_orig,unconfirmed_for_libero,False,True,cuda:0,bfloat16,"3.10.20 (main, Mar 11 2026, 17:46:40) [GCC 14.3.0]",Linux-5.15.0-78-generic-x86_64-with-glibc2.35,2.11.0+cu128,4.40.1,4.9.4,True,12.8,NVIDIA RTX PRO 6000 Blackwell Server Edition,94.9708,1,5,72.7439,45.3224,0.0,14.0905,14.1,14.1,14.4234,14.5059,584.2307,4.4305,133.1948,132.668,132.6037,134.6649,0.8835,0.1949,137.8202,7.25583,"array([-0.00020879,  0.00119468,  0.02366268, -0.03462297, -0.01484776,
       -0.00490211,  0.        ])","[-0.00020878732204438963, 0.0011946765903163847, 0.02366268159492926, -0.034622969165736636, -0.014847756696098016, -0.004902105561658515, 0.0]",7,True,True,,,,False,not_applicable,not_applicable,not_applicable,not_applicable,DF-03-02 50-sample run is pipeline and field-recording validation only; not final method-comparison data.
2026-06-11 08:19:05,df_03_02_libero_baseline_50_pipeline_debug,DF-03-02,DF-03-02,16fd738,df_03_02_baseline_044,openvla/modified_libero_rlds,test,libero_spatial_no_noops,spatial,train,test,291,/root/autodl-tmp/datasets/openvla_modified_libero_rlds/libero_spatial_no_noops/1.0.0,/root/autodl-tmp/datasets/openvla_modified_libero_rlds/libero_spatial_no_noops/1.0.0,middle,55,110,pick up the black bowl next to the plate and place it on the plate,observation.image,language_instruction,"[0.12857143580913544, 0.10446428507566452, 0.07500000298023224, 0.0, 0.06535714119672775, -0.0835714265704155, 1.0]",7,openvla/openvla-7b,bridge_orig,unconfirmed_for_libero,False,True,cuda:0,bfloat16,"3.10.20 (main, Mar 11 2026, 17:46:40) [GCC 14.3.0]",Linux-5.15.0-78-generic-x86_64-with-glibc2.35,2.11.0+cu128,4.40.1,4.9.4,True,12.8,NVIDIA RTX PRO 6000 Blackwell Server Edition,94.9708,1,5,72.7439,45.3224,0.0,14.0905,14.1,14.1,14.4187,14.5059,487.0931,4.712,128.3798,128.4284,127.358,129.4339,0.7497,0.1898,133.2817,7.502908,"array([-0.00311655, -0.00689932,  0.02963866,  0.01007863, -0.0215464 ,
       -0.00329031,  0.99607843])","[-0.00311655245808996, -0.006899318922968509, 0.02963866294526001, 0.010078626853578077, -0.021546403767431513, -0.003290307487927302, 0.996078431372549]",7,True,True,,,,False,not_applicable,not_applicable,not_applicable,not_applicable,DF-03-02 50-sample run is pipeline and field-recording validation only; not final method-comparison data.
2026-06-11 08:19:05,df_03_02_libero_baseline_50_pipeline_debug,DF-03-02,DF-03-02,16fd738,df_03_02_baseline_045,openvla/modified_libero_rlds,test,libero_spatial_no_noops,spatial,train,test,304,/root/autodl-tmp/datasets/openvla_modified_libero_rlds/libero_spatial_no_noops/1.0.0,/root/autodl-tmp/datasets/openvla_modified_libero_rlds/libero_spatial_no_noops/1.0.0,middle,55,110,pick up the black bowl next to the plate and place it on the plate,observation.image,language_instruction,"[-0.20892857015132904, 0.0, -0.27321428060531616, 0.0, 0.0, -0.09000000357627869, 1.0]",7,openvla/openvla-7b,bridge_orig,unconfirmed_for_libero,False,True,cuda:0,bfloat16,"3.10.20 (main, Mar 11 2026, 17:46:40) [GCC 14.3.0]",Linux-5.15.0-78-generic-x86_64-with-glibc2.35,2.11.0+cu128,4.40.1,4.9.4,True,12.8,NVIDIA RTX PRO 6000 Blackwell Server Edition,94.9708,1,5,72.7439,45.3224,0.0,14.0905,14.1,14.1,14.4187,14.5059,484.58,3.9691,127.7146,127.6624,126.7436,128.549,0.6968,0.1936,131.8773,7.582805,"array([-2.08787322e-04,  8.70916770e-04,  2.09718368e-03,  5.60846725e-03,
       -7.47924492e-03,  1.28276732e-02,  9.96078431e-01])","[-0.00020878732204438963, 0.0008709167697849851, 0.002097183678518317, 0.005608467251646612, -0.007479244917631175, 0.012827673249384858, 0.996078431372549]",7,True,True,,,,False,not_applicable,not_applicable,not_applicable,not_applicable,DF-03-02 50-sample run is pipeline and field-recording validation only; not final method-comparison data.
2026-06-11 08:19:05,df_03_02_libero_baseline_50_pipeline_debug,DF-03-02,DF-03-02,16fd738,df_03_02_baseline_046,openvla/modified_libero_rlds,test,libero_spatial_no_noops,spatial,train,test,311,/root/autodl-tmp/datasets/openvla_modified_libero_rlds/libero_spatial_no_noops/1.0.0,/root/autodl-tmp/datasets/openvla_modified_libero_rlds/libero_spatial_no_noops/1.0.0,middle,58,116,pick up the black bowl next to the plate and place it on the plate,observation.image,language_instruction,"[0.2517857253551483, -0.06428571790456772, 0.6696428656578064, 0.0, 0.003214285708963871, -0.20999999344348907, 1.0]",7,openvla/openvla-7b,bridge_orig,unconfirmed_for_libero,False,True,cuda:0,bfloat16,"3.10.20 (main, Mar 11 2026, 17:46:40) [GCC 14.3.0]",Linux-5.15.0-78-generic-x86_64-with-glibc2.35,2.11.0+cu128,4.40.1,4.9.4,True,12.8,NVIDIA RTX PRO 6000 Blackwell Server Edition,94.9708,1,5,72.7439,45.3224,0.0,14.0905,14.1,14.1,14.4187,14.5059,428.0413,3.8429,129.1556,128.9615,128.7842,130.0413,0.506,0.3176,133.3161,7.500968,"array([-0.01474761,  0.00864115,  0.0156081 ,  0.00496987, -0.02288613,
       -0.00490211,  0.99607843])","[-0.01474761300227222, 0.0086411524625385, 0.015608098035787821, 0.004969873022799262, -0.0228861331816982, -0.004902105561658515, 0.996078431372549]",7,True,True,,,,False,not_applicable,not_applicable,not_applicable,not_applicable,DF-03-02 50-sample run is pipeline and field-recording validation only; not final method-comparison data.
2026-06-11 08:19:05,df_03_02_libero_baseline_50_pipeline_debug,DF-03-02,DF-03-02,16fd738,df_03_02_baseline_047,openvla/modified_libero_rlds,test,libero_spatial_no_noops,spatial,train,test,313,/root/autodl-tmp/datasets/openvla_modified_libero_rlds/libero_spatial_no_noops/1.0.0,/root/autodl-tmp/datasets/openvla_modified_libero_rlds/libero_spatial_no_noops/1.0.0,middle,52,105,pick up the black bowl between the plate and the ramekin and place it on the plate,observation.image,language_instruction,"[-0.19553571939468384, 0.0, -0.0053571430034935474, 0.0, 0.0, -0.0053571430034935474, 1.0]",7,openvla/openvla-7b,bridge_orig,unconfirmed_for_libero,False,True,cuda:0,bfloat16,"3.10.20 (main, Mar 11 2026, 17:46:40) [GCC 14.3.0]",Linux-5.15.0-78-generic-x86_64-with-glibc2.35,2.11.0+cu128,4.40.1,4.9.4,True,12.8,NVIDIA RTX PRO 6000 Blackwell Server Edition,94.9708,1,5,72.7439,45.3224,0.0,14.0905,14.1,14.1,14.4224,14.5059,421.8158,4.1365,126.273,126.2345,125.0054,127.939,1.2536,0.2133,130.6228,7.65563,"array([-3.11655246e-03,  5.07979444e-03, -2.41243806e-04,  1.13830765e-03,
       -1.10733139e-04, -3.29030749e-03,  9.96078431e-01])","[-0.00311655245808996, 0.005079794436693139, -0.00024124380639371432, 0.001138307649715134, -0.00011073313916434846, -0.003290307487927302, 0.996078431372549]",7,True,True,,,,False,not_applicable,not_applicable,not_applicable,not_applicable,DF-03-02 50-sample run is pipeline and field-recording validation only; not final method-comparison data.
2026-06-11 08:19:05,df_03_02_libero_baseline_50_pipeline_debug,DF-03-02,DF-03-02,16fd738,df_03_02_baseline_048,openvla/modified_libero_rlds,test,libero_spatial_no_noops,spatial,train,test,323,/root/autodl-tmp/datasets/openvla_modified_libero_rlds/libero_spatial_no_noops/1.0.0,/root/autodl-tmp/datasets/openvla_modified_libero_rlds/libero_spatial_no_noops/1.0.0,middle,57,115,pick up the black bowl next to the plate and place it on the plate,observation.image,language_instruction,"[0.581250011920929, -0.40714284777641296, 0.7660714387893677, 0.0, 0.18321429193019867, -0.09214285761117935, 1.0]",7,openvla/openvla-7b,bridge_orig,unconfirmed_for_libero,False,True,cuda:0,bfloat16,"3.10.20 (main, Mar 11 2026, 17:46:40) [GCC 14.3.0]",Linux-5.15.0-78-generic-x86_64-with-glibc2.35,2.11.0+cu128,4.40.1,4.9.4,True,12.8,NVIDIA RTX PRO 6000 Blackwell Server Edition,94.9708,1,5,72.7439,45.3224,0.0,14.0905,14.1,14.1,14.4187,14.5059,427.0095,3.7036,128.0945,127.9846,127.6405,128.5606,0.3966,0.1988,131.9969,7.575938,"array([-0.00311655,  0.00151844,  0.00703386, -0.00333185, -0.01484776,
        0.04667543,  0.        ])","[-0.00311655245808996, 0.0015184364108477844, 0.007033863924443714, -0.0033318519522163442, -0.014847756696098016, 0.04667543279774042, 0.0]",7,True,True,,,,False,not_applicable,not_applicable,not_applicable,not_applicable,DF-03-02 50-sample run is pipeline and field-recording validation only; not final method-comparison data.
2026-06-11 08:19:05,df_03_02_libero_baseline_50_pipeline_debug,DF-03-02,DF-03-02,16fd738,df_03_02_baseline_049,openvla/modified_libero_rlds,test,libero_spatial_no_noops,spatial,train,test,359,/root/autodl-tmp/datasets/openvla_modified_libero_rlds/libero_spatial_no_noops/1.0.0,/root/autodl-tmp/datasets/openvla_modified_libero_rlds/libero_spatial_no_noops/1.0.0,middle,81,162,pick up the black bowl in the top drawer of the wooden cabinet and place it on the plate,observation.image,language_instruction,"[0.27589285373687744, 0.5062500238418579, 0.8357142806053162, 0.0, 0.03642857074737549, -0.0, 1.0]",7,openvla/openvla-7b,bridge_orig,unconfirmed_for_libero,False,True,cuda:0,bfloat16,"3.10.20 (main, Mar 11 2026, 17:46:40) [GCC 14.3.0]",Linux-5.15.0-78-generic-x86_64-with-glibc2.35,2.11.0+cu128,4.40.1,4.9.4,True,12.8,NVIDIA RTX PRO 6000 Blackwell Server Edition,94.9708,1,5,72.7439,45.3224,0.0,14.0905,14.1,14.1,14.4234,14.5059,449.221,3.8125,125.4443,125.1114,124.8457,126.653,0.7153,0.1833,129.44,7.725585,"array([-0.00691901, -0.00333796,  0.00859282, -0.01865811,  0.00256873,
       -0.03391447,  0.        ])","[-0.006919014559072623, -0.0033379608971231545, 0.008592815581051735, -0.018658113444552808, 0.0025687256893690558, -0.03391447088882041, 0.0]",7,True,True,,,,False,not_applicable,not_applicable,not_applicable,not_applicable,DF-03-02 50-sample run is pipeline and field-recording validation only; not final method-comparison data.
2026-06-11 08:19:05,df_03_02_libero_baseline_50_pipeline_debug,DF-03-02,DF-03-02,16fd738,df_03_02_baseline_050,openvla/modified_libero_rlds,test,libero_spatial_no_noops,spatial,train,test,387,/root/autodl-tmp/datasets/openvla_modified_libero_rlds/libero_spatial_no_noops/1.0.0,/root/autodl-tmp/datasets/openvla_modified_libero_rlds/libero_spatial_no_noops/1.0.0,middle,70,140,pick up the black bowl next to the plate and place it on the plate,observation.image,language_instruction,"[0.11517857015132904, 0.2839285731315613, 0.23571428656578064, -0.08785714209079742, 0.04500000178813934, -0.0, 1.0]",7,openvla/openvla-7b,bridge_orig,unconfirmed_for_libero,False,True,cuda:0,bfloat16,"3.10.20 (main, Mar 11 2026, 17:46:40) [GCC 14.3.0]",Linux-5.15.0-78-generic-x86_64-with-glibc2.35,2.11.0+cu128,4.40.1,4.9.4,True,12.8,NVIDIA RTX PRO 6000 Blackwell Server Edition,94.9708,1,5,72.7439,45.3224,0.0,14.0905,14.1,14.1,14.4187,14.5059,424.3518,3.8717,127.7196,127.5717,127.4647,128.0852,0.2858,0.1831,131.7745,7.588724,"array([ 0.00359367, -0.00851812,  0.00807317, -0.02759843, -0.01953681,
        0.00960408,  0.99607843])","[0.0035936747789382766, -0.008518118025625486, 0.008073165028849059, -0.02759843264841575, -0.019536809646031453, 0.009604077101922431, 0.996078431372549]",7,True,True,,,,False,not_applicable,not_applicable,not_applicable,not_applicable,DF-03-02 50-sample run is pipeline and field-recording validation only; not final method-comparison data.
